,URL,Traffic,Top keyword: Position,Top keyword,Keywords,Category,reddit_title,reddit_posted_time,reddit_time_ago,reddit_comments_count,reddit_score,reddit_is_archived
0,https://www.reddit.com/r/pwnhub/comments/1jagmp9/over_300_critical_infrastructure_targets_hit_by/,6412,6,medusa ransomware gang phishing campaigns,10,Types of Ransomware,Over 300 Critical Infrastructure Targets Hit by Medusa Ransomware,2025-03-13 16:52:04,3 mo. ago,1,2,No
1,https://www.reddit.com/r/MacOS/comments/v4su6t/my_mac_is_full_of_malware_how_can_i_remove_it/,153,1,how to remove ransomware,5,Ransomware Recovery and Removal,My Mac is full of Malware. How can I remove it? What's the best way?,2022-06-04 16:49:17,3 yr. ago,27,3,No
2,https://www.reddit.com/r/sysadmin/comments/yw9up0/how_do_you_handle_preventing_ransomware_attacks/,72,5,how to prevent ransomware,41,Ransomware Protection and Prevention,How do you handle preventing ransomware attacks?,2022-11-15 21:17:32,2 yr. ago,30,6,Yes
3,https://www.reddit.com/r/sysadmin/comments/yw9up0/how_do_you_handle_preventing_ransomware_attacks/,52,1,protect against ransomware,55,Ransomware Protection and Prevention,How do you handle preventing ransomware attacks?,2022-11-15 21:17:32,2 yr. ago,30,6,Yes
4,https://www.reddit.com/r/cybersecurity/comments/111xgkp/antiransomware_software_suggestions/,39,4,best ransomware protection,33,Ransomware Protection and Prevention,Anti-Ransomware software suggestions,2023-02-14 08:12:06,2 yr. ago,45,22,Yes
5,https://www.reddit.com/r/sysadmin/comments/1fspg52/backup_solutions_with_ransomware_protection/,38,1,cloud backup ransomware protection,12,Ransomware Protection and Prevention,Backup solutions with ransomware protection? ,2024-09-30 06:51:59,9 mo. ago,76,35,Yes
6,https://www.reddit.com/r/sysadmin/comments/1crmt10/we_are_the_team_behind_the_decryption_of_the/,30,9,akira ransomware,12,Types of Ransomware,"We are the team behind the decryption of the latest Akira ransomware variant. Ask Us Anything , starts at 15th May at 0600 UTC",2024-05-14 08:03:46,1 yr. ago,205,271,Yes
7,https://www.reddit.com/r/sysadmin/comments/1co4osx/has_anyone_tried_halcyon_antiransomware/,25,2,halcyon ransomware,1,Types of Ransomware,Has anyone tried Halcyon Anti-ransomware? ,2024-05-09 18:47:23,1 yr. ago,21,1,Yes
8,https://www.reddit.com/r/sysadmin/comments/yw9up0/how_do_you_handle_preventing_ransomware_attacks/,23,5,how to protect against ransomware,44,Ransomware Protection and Prevention,How do you handle preventing ransomware attacks?,2022-11-15 21:17:32,2 yr. ago,30,6,Yes
9,https://www.reddit.com/r/sysadmin/comments/yw9up0/how_do_you_handle_preventing_ransomware_attacks/,23,6,how to prevent ransomware attacks,54,Ransomware Protection and Prevention,How do you handle preventing ransomware attacks?,2022-11-15 21:17:32,2 yr. ago,30,6,Yes
10,https://www.reddit.com/r/Windows10/comments/exl0r1/do_you_use_windows_defender_ransomware_protection/,23,4,windows defender ransomware protection,5,Ransomware Protection and Prevention,"Do you use Windows Defender Ransomware Protection? If yes, doesn't cause too many blockages? If not, what do you use instead?",2020-02-02 07:38:21,5 yr. ago,8,12,Yes
11,https://www.reddit.com/r/sysadmin/comments/11963v2/ransomware_recovery_process/,21,5,ransomware data recovery,23,Ransomware Recovery and Removal,Ransomware recovery process,2023-02-22 17:47:34,2 yr. ago,41,16,Yes
12,https://www.reddit.com/r/sysadmin/comments/18i7x8e/ransomware_recovery_plan/,21,8,ransomware recovery,18,Ransomware Recovery and Removal,Ransomware Recovery Plan,2023-12-14 12:49:33,1 yr. ago,46,39,Yes
13,https://www.reddit.com/r/cybersecurity/comments/111xgkp/antiransomware_software_suggestions/,20,4,anti ransomware software,44,Ransomware Protection and Prevention,Anti-Ransomware software suggestions,2023-02-14 08:12:06,2 yr. ago,45,22,Yes
14,https://www.reddit.com/r/cybersecurity/comments/1b9ipgb/ransomware_insurance/,19,6,ransomware insurance,3,Ransomware Attacks & Impact,Ransomware Insurance,2024-03-08 07:53:06,1 yr. ago,81,48,Yes
15,https://www.reddit.com/r/cybersecurity/comments/111xgkp/antiransomware_software_suggestions/,19,2,ransomware protection software,61,Ransomware Tools and Software,Anti-Ransomware software suggestions,2023-02-14 08:12:06,2 yr. ago,45,22,Yes
16,https://www.reddit.com/r/hacking/comments/oazfs4/how_does_ransomware_spread_over_a_network/,18,3,how does ransomware spread through a network,11,Ransomware Attacks & Impact,How does ransomware spread over a network?,2021-06-30 15:17:16,4 yr. ago,64,258,No
17,https://www.reddit.com/r/sysadmin/comments/18i7x8e/ransomware_recovery_plan/,17,3,ransomware recovery plan,3,Ransomware Recovery and Removal,Ransomware Recovery Plan,2023-12-14 12:49:33,1 yr. ago,46,39,Yes
18,https://www.reddit.com/r/sysadmin/comments/18i7x8e/ransomware_recovery_plan/,14,4,how to recover from ransomware attack,12,Ransomware Recovery and Removal,Ransomware Recovery Plan,2023-12-14 12:49:33,1 yr. ago,46,39,Yes
19,https://www.reddit.com/r/sysadmin/comments/1fspg52/backup_solutions_with_ransomware_protection/,13,4,ransomware backup protection,10,Ransomware Attacks & Impact,Backup solutions with ransomware protection? ,2024-09-30 06:51:59,9 mo. ago,76,35,Yes
20,https://www.reddit.com/r/sysadmin/comments/18i7x8e/ransomware_recovery_plan/,12,1,ransomware attack recovery,26,Ransomware Attacks & Impact,Ransomware Recovery Plan,2023-12-14 12:49:33,1 yr. ago,46,39,Yes
21,https://www.reddit.com/r/cybersecurity/comments/111xgkp/antiransomware_software_suggestions/,12,4,anti ransomware solutions,46,Ransomware Tools and Software,Anti-Ransomware software suggestions,2023-02-14 08:12:06,2 yr. ago,45,22,Yes
22,https://www.reddit.com/r/qnap/comments/scm0zv/deadbolt_ransomware_attack_against_qnaps/,12,5,deadbolt ransomware,5,Types of Ransomware,deadbolt ransomware attack against qnaps,2022-01-25 19:41:18,3 yr. ago,232,107,No
23,https://www.reddit.com/r/sysadmin/comments/yw9up0/how_do_you_handle_preventing_ransomware_attacks/,12,6,how to prevent ransomware attack,65,Ransomware Protection and Prevention,How do you handle preventing ransomware attacks?,2022-11-15 21:17:32,2 yr. ago,30,6,Yes
24,https://www.reddit.com/r/cybersecurity/comments/111xgkp/antiransomware_software_suggestions/,11,2,ransomware detection software,53,Ransomware Tools and Software,Anti-Ransomware software suggestions,2023-02-14 08:12:06,2 yr. ago,45,22,Yes
25,https://www.reddit.com/r/linuxadmin/comments/q868zs/recommended_antiransomware_for_linux_servers/,11,1,linux ransomware protection,0,Ransomware in Specific Platforms and Devices,Recommended anti-ransomware for Linux servers?,2021-10-14 18:57:26,3 yr. ago,16,6,No
26,https://www.reddit.com/r/cybersecurity/comments/111xgkp/antiransomware_software_suggestions/,10,2,best ransomware protection software,38,Ransomware Protection and Prevention,Anti-Ransomware software suggestions,2023-02-14 08:12:06,2 yr. ago,45,22,Yes
27,https://www.reddit.com/r/Windows10/comments/exl0r1/do_you_use_windows_defender_ransomware_protection/,10,4,windows ransomware protection,20,Ransomware in Specific Platforms and Devices,"Do you use Windows Defender Ransomware Protection? If yes, doesn't cause too many blockages? If not, what do you use instead?",2020-02-02 07:38:21,5 yr. ago,8,12,Yes
28,https://www.reddit.com/r/sysadmin/comments/18i7x8e/ransomware_recovery_plan/,10,4,ransomware disaster recovery plan,3,Ransomware Attacks & Impact,Ransomware Recovery Plan,2023-12-14 12:49:33,1 yr. ago,46,39,Yes
29,https://www.reddit.com/r/cybersecurity/comments/111xgkp/antiransomware_software_suggestions/,10,3,ransomware prevention software,48,Ransomware Protection and Prevention,Anti-Ransomware software suggestions,2023-02-14 08:12:06,2 yr. ago,45,22,Yes
30,https://www.reddit.com/r/sysadmin/comments/1fspg52/backup_solutions_with_ransomware_protection/,9,7,ransomware backup strategy,8,Ransomware in Specific Platforms and Devices,Backup solutions with ransomware protection? ,2024-09-30 06:51:59,9 mo. ago,76,35,Yes
31,https://www.reddit.com/r/sysadmin/comments/18i7x8e/ransomware_recovery_plan/,9,6,server ransomware recovery,7,Ransomware Recovery and Removal,Ransomware Recovery Plan,2023-12-14 12:49:33,1 yr. ago,46,39,Yes
32,https://www.reddit.com/r/cybersecurity/comments/za5nbb/immutable_backups/,9,4,immutable backups ransomware,2,Ransomware Attacks & Impact,Immutable Backups,2022-12-02 00:38:36,2 yr. ago,17,6,Yes
33,https://www.reddit.com/r/cybersecurity/comments/111xgkp/antiransomware_software_suggestions/,9,6,best ransomware protection for business,39,Ransomware Protection and Prevention,Anti-Ransomware software suggestions,2023-02-14 08:12:06,2 yr. ago,45,22,Yes
34,https://www.reddit.com/r/cybersecurity/comments/111xgkp/antiransomware_software_suggestions/,7,2,what is the best ransomware protection,24,Ransomware Protection and Prevention,Anti-Ransomware software suggestions,2023-02-14 08:12:06,2 yr. ago,45,22,Yes
35,https://www.reddit.com/r/cybersecurity/comments/111xgkp/antiransomware_software_suggestions/,7,5,best enterprise ransomware protection,16,Ransomware Tools and Software,Anti-Ransomware software suggestions,2023-02-14 08:12:06,2 yr. ago,45,22,Yes
36,https://www.reddit.com/r/hacking/comments/oazfs4/how_does_ransomware_spread_over_a_network/,7,8,how does ransomware spread,38,Ransomware Attacks & Impact,How does ransomware spread over a network?,2021-06-30 15:17:16,4 yr. ago,64,258,No
37,https://www.reddit.com/r/cybersecurity/comments/111xgkp/antiransomware_software_suggestions/,7,5,ransomware protection antivirus,35,Ransomware Protection and Prevention,Anti-Ransomware software suggestions,2023-02-14 08:12:06,2 yr. ago,45,22,Yes
38,https://www.reddit.com/r/msp/comments/1bokbrh/vendors_offering_ransomware_recovery_services/,7,5,ransomware removal services,12,Ransomware Recovery and Removal,Vendors offering ransomware recovery services,2024-03-26 21:53:35,1 yr. ago,13,2,No
39,https://www.reddit.com/r/sysadmin/comments/1fspg52/backup_solutions_with_ransomware_protection/,6,4,protecting backups from ransomware,9,Ransomware Attacks & Impact,Backup solutions with ransomware protection? ,2024-09-30 06:51:59,9 mo. ago,76,35,Yes
40,https://www.reddit.com/r/msp/comments/1bokbrh/vendors_offering_ransomware_recovery_services/,6,4,ransomware recovery solutions,13,Ransomware Recovery and Removal,Vendors offering ransomware recovery services,2024-03-26 21:53:35,1 yr. ago,13,2,No
41,https://www.reddit.com/r/msp/comments/1bokbrh/vendors_offering_ransomware_recovery_services/,6,4,ransomware recovery companies,18,Ransomware Recovery and Removal,Vendors offering ransomware recovery services,2024-03-26 21:53:35,1 yr. ago,13,2,No
42,https://www.reddit.com/r/sysadmin/comments/1fspg52/backup_solutions_with_ransomware_protection/,5,5,backup ransomware protection,10,Ransomware in Specific Platforms and Devices,Backup solutions with ransomware protection? ,2024-09-30 06:51:59,9 mo. ago,76,35,Yes
43,https://www.reddit.com/r/MalwareAnalysis/comments/1dugp09/anti_ransomware_tool/,5,9,ransomware detection tool,50,Ransomware Tools and Software,Anti Ransomware Tool,2024-07-03 15:08:53,1 yr. ago,5,12,No
44,https://www.reddit.com/r/DataHoarder/comments/1h4wc7t/how_do_you_guys_protect_your_data_against/,5,4,does cloud backup protect against ransomware,4,Ransomware Protection and Prevention,How do you guys protect your data against ransomware?,2024-12-02 14:36:12,7 mo. ago,54,8,No
45,https://www.reddit.com/r/cybersecurity/comments/111xgkp/antiransomware_software_suggestions/,5,4,best ransomware protection free,22,Ransomware Protection and Prevention,Anti-Ransomware software suggestions,2023-02-14 08:12:06,2 yr. ago,45,22,Yes
46,https://www.reddit.com/r/sysadmin/comments/yw9up0/how_do_you_handle_preventing_ransomware_attacks/,5,5,best way to protect against ransomware,41,Ransomware Protection and Prevention,How do you handle preventing ransomware attacks?,2022-11-15 21:17:32,2 yr. ago,30,6,Yes
47,https://www.reddit.com/r/cybersecurity/comments/111xgkp/antiransomware_software_suggestions/,5,4,best ransomware protection antivirus,12,Ransomware Protection and Prevention,Anti-Ransomware software suggestions,2023-02-14 08:12:06,2 yr. ago,45,22,Yes
48,https://www.reddit.com/r/Veeam/comments/13w3b3e/protecting_veeam_backups_from_ransomware/,5,5,veeam ransomware protection,4,Ransomware Attacks & Impact,Protecting Veeam Backups from Ransomware,2023-05-30 21:52:25,2 yr. ago,15,13,Yes
49,https://www.reddit.com/r/sysadmin/comments/1crmt10/we_are_the_team_behind_the_decryption_of_the/,4,2,akira ransomware decryptor,36,Types of Ransomware,"We are the team behind the decryption of the latest Akira ransomware variant. Ask Us Anything , starts at 15th May at 0600 UTC",2024-05-14 08:03:46,1 yr. ago,205,271,Yes
50,https://www.reddit.com/r/msp/comments/1bokbrh/vendors_offering_ransomware_recovery_services/,4,4,ransomware recovery service,22,Ransomware Recovery and Removal,Vendors offering ransomware recovery services,2024-03-26 21:53:35,1 yr. ago,13,2,No
51,https://www.reddit.com/r/hacking/comments/oazfs4/how_does_ransomware_spread_over_a_network/,4,3,how does ransomware spread on a network,34,Ransomware Attacks & Impact,How does ransomware spread over a network?,2021-06-30 15:17:16,4 yr. ago,64,258,No
52,https://www.reddit.com/r/sysadmin/comments/11963v2/ransomware_recovery_process/,4,9,ransomware recovery software,16,Ransomware Recovery and Removal,Ransomware recovery process,2023-02-22 17:47:34,2 yr. ago,41,16,Yes
53,https://www.reddit.com/r/cybersecurity/comments/111xgkp/antiransomware_software_suggestions/,4,4,best anti ransomware software,36,Ransomware Protection and Prevention,Anti-Ransomware software suggestions,2023-02-14 08:12:06,2 yr. ago,45,22,Yes
54,https://www.reddit.com/r/msp/comments/j9peoi/is_the_best_protection_against_ransomware_to_turn/,3,1,does bitlocker protect against ransomware,0,Ransomware Protection and Prevention,Is the best protection against ransomware to turn bitlocker on?,2020-10-12 11:47:12,4 yr. ago,28,3,No
55,https://www.reddit.com/r/MacOS/comments/v4su6t/my_mac_is_full_of_malware_how_can_i_remove_it/,3,4,how to remove ransomware from mac,3,Ransomware Recovery and Removal,My Mac is full of Malware. How can I remove it? What's the best way?,2022-06-04 16:49:17,3 yr. ago,27,3,No
56,https://www.reddit.com/r/sysadmin/comments/yw9up0/how_do_you_handle_preventing_ransomware_attacks/,3,5,how can you protect against ransomware and cyber-attacks?,50,Ransomware Protection and Prevention,How do you handle preventing ransomware attacks?,2022-11-15 21:17:32,2 yr. ago,30,6,Yes
57,https://www.reddit.com/r/cybersecurity/comments/1b9ipgb/ransomware_insurance/,3,7,ransomware insurance coverage,3,Ransomware Attacks & Impact,Ransomware Insurance,2024-03-08 07:53:06,1 yr. ago,81,48,Yes
58,https://www.reddit.com/r/sysadmin/comments/ru1hze/how_to_monitor_for_ransomware_attacks/,3,7,ransomware monitoring,34,Ransomware Tools and Software,How to monitor for ransomware attacks?,2022-01-02 04:27:08,3 yr. ago,50,20,Yes
59,https://www.reddit.com/r/cybersecurity/comments/111xgkp/antiransomware_software_suggestions/,3,4,best free ransomware protection software,25,Ransomware Tools and Software,Anti-Ransomware software suggestions,2023-02-14 08:12:06,2 yr. ago,45,22,Yes
60,https://www.reddit.com/r/onedrive/comments/16205ha/one_drive_is_horrendous_its_pretty_much_ransomware/,3,5,does onedrive protect against ransomware,0,Ransomware Protection and Prevention,One Drive is horrendous. It's pretty much ransomware.,2023-08-26 16:46:46,1 yr. ago,58,91,Yes
61,https://www.reddit.com/r/sysadmin/comments/18i7x8e/ransomware_recovery_plan/,3,3,ransomware recovery steps,11,Ransomware Recovery and Removal,Ransomware Recovery Plan,2023-12-14 12:49:33,1 yr. ago,46,39,Yes
62,https://www.reddit.com/r/Malwarebytes/comments/1jql9bu/android_notification_antiransomeware_protection/,3,5,android ransomware protection,35,Ransomware in Specific Platforms and Devices,"Android Notification: ""Anti-Ransomeware Protection: Unknown is safe to use"" WHAT!?",2025-04-03 15:21:26,3 mo. ago,21,33,No
63,https://www.reddit.com/r/cybersecurity/comments/111xgkp/antiransomware_software_suggestions/,3,11,ransomware scanner,23,Ransomware Tools and Software,Anti-Ransomware software suggestions,2023-02-14 08:12:06,2 yr. ago,45,22,Yes
64,https://www.reddit.com/r/hacking/comments/1ligajt/has_anyone_successfully_recovered_data_from_a/,3,6,ransomware recovery tools,72,Ransomware Recovery and Removal,Has anyone successfully recovered data from a drive after a ransomware attack without paying?,2025-06-23 13:14:53,14 days ago,33,53,No
65,https://www.reddit.com/r/sysadmin/comments/1hrhqww/ransomware_playbook/,3,6,ransomware response playbook,2,Ransomware Tools and Software,Ransomware playbook,2025-01-02 01:08:03,6 mo. ago,125,233,Yes
66,https://www.reddit.com/r/mac/comments/1hcoee9/best_antivirus_for_new_macbook/,3,7,best ransomware protection for mac,39,Ransomware Protection and Prevention,Best antivirus for new MacBook ,2024-12-12 16:06:23,6 mo. ago,36,0,No
67,https://www.reddit.com/r/MacOS/comments/1hks9lx/good_applicationsprograms_to_protect_your_macbook/,3,8,mac ransomware protection,14,Ransomware in Specific Platforms and Devices,Good applications/programs to protect your macbook?,2024-12-23 17:07:33,6 mo. ago,27,0,No
68,https://www.reddit.com/r/msp/comments/1bokbrh/vendors_offering_ransomware_recovery_services/,3,9,ransomware recovery services,14,Ransomware Recovery and Removal,Vendors offering ransomware recovery services,2024-03-26 21:53:35,1 yr. ago,13,2,No
69,https://www.reddit.com/r/AZURE/comments/1dv6wru/protection_against_ransomware/,3,7,azure backup ransomware protection,0,Ransomware in Specific Platforms and Devices,Protection against ransomware,2024-07-04 13:26:51,1 yr. ago,6,1,No
70,https://www.reddit.com/r/cybersecurity/comments/111xgkp/antiransomware_software_suggestions/,2,4,best ransomware scanner,22,Ransomware Tools and Software,Anti-Ransomware software suggestions,2023-02-14 08:12:06,2 yr. ago,45,22,Yes
71,https://www.reddit.com/r/sysadmin/comments/18i7x8e/ransomware_recovery_plan/,2,12,ransomware disaster recovery,2,Ransomware Attacks & Impact,Ransomware Recovery Plan,2023-12-14 12:49:33,1 yr. ago,46,39,Yes
72,https://www.reddit.com/r/Windows10/comments/exl0r1/do_you_use_windows_defender_ransomware_protection/,2,4,does windows defender protect against ransomware,0,Ransomware Protection and Prevention,"Do you use Windows Defender Ransomware Protection? If yes, doesn't cause too many blockages? If not, what do you use instead?",2020-02-02 07:38:21,5 yr. ago,8,12,Yes
73,https://www.reddit.com/r/sysadmin/comments/18i7x8e/ransomware_recovery_plan/,2,4,ransomware recovery process,21,Ransomware Recovery and Removal,Ransomware Recovery Plan,2023-12-14 12:49:33,1 yr. ago,46,39,Yes
74,https://www.reddit.com/r/antivirus/comments/1bmtlmh/help_how_to_identify_and_remove_malware_from/,2,7,how to remove ransomware from android phone,4,Ransomware Recovery and Removal,[HELP] How to identify and remove malware from android S22?,2024-03-24 19:49:02,1 yr. ago,10,0,Yes
75,https://www.reddit.com/r/hacking/comments/oazfs4/how_does_ransomware_spread_over_a_network/,2,3,how does ransomware spread to company networks,22,Ransomware Attacks & Impact,How does ransomware spread over a network?,2021-06-30 15:17:16,4 yr. ago,64,258,No
76,https://www.reddit.com/r/cybersecurity/comments/14zo85w/disaster_recovery_template/,2,5,ransomware disaster recovery plan template,0,Ransomware Attacks & Impact,Disaster Recovery Template?,2023-07-14 18:32:15,1 yr. ago,6,6,Yes
77,https://www.reddit.com/r/cybersecurity/comments/111xgkp/antiransomware_software_suggestions/,2,7,free anti ransomware software,37,Ransomware Protection and Prevention,Anti-Ransomware software suggestions,2023-02-14 08:12:06,2 yr. ago,45,22,Yes
78,https://www.reddit.com/r/techsupport/comments/p5nrxz/help_please_ransomware_attack/,2,5,how to remove ransomware virus,10,Ransomware Recovery and Removal,Help please Ransomware attack,2021-08-16 19:57:43,3 yr. ago,149,252,No
79,https://www.reddit.com/r/msp/comments/1bokbrh/vendors_offering_ransomware_recovery_services/,2,10,ransomware recovery company,28,Ransomware Recovery and Removal,Vendors offering ransomware recovery services,2024-03-26 21:53:35,1 yr. ago,13,2,No
80,https://www.reddit.com/r/techsupport/comments/p5nrxz/help_please_ransomware_attack/,2,6,how to remove ransomware virus and restore the files,2,Ransomware Recovery and Removal,Help please Ransomware attack,2021-08-16 19:57:43,3 yr. ago,149,252,No
81,https://www.reddit.com/r/msp/comments/1bokbrh/vendors_offering_ransomware_recovery_services/,2,15,ransomware data recovery services,14,Ransomware Recovery and Removal,Vendors offering ransomware recovery services,2024-03-26 21:53:35,1 yr. ago,13,2,No
82,https://www.reddit.com/r/cybersecurity/comments/111xgkp/antiransomware_software_suggestions/,2,10,ransomware detection tools,31,Ransomware Tools and Software,Anti-Ransomware software suggestions,2023-02-14 08:12:06,2 yr. ago,45,22,Yes
83,https://www.reddit.com/r/DataHoarder/comments/125ujq1/can_google_drive_protect_my_files_in_case_of_a/,1,9,google drive ransomware recovery,0,Ransomware Recovery and Removal,Can Google drive protect my files in case of a ransomware attack?,2023-03-29 17:26:35,2 yr. ago,17,2,No
84,https://www.reddit.com/r/sysadmin/comments/yw9up0/how_do_you_handle_preventing_ransomware_attacks/,1,6,how to protect against ransomware attacks,39,Ransomware Protection and Prevention,How do you handle preventing ransomware attacks?,2022-11-15 21:17:32,2 yr. ago,30,6,Yes
85,https://www.reddit.com/r/sysadmin/comments/i6wmlo/cloud_backup_safe_from_ransomware/,1,10,ransomware cloud security,3,Ransomware in Specific Platforms and Devices,Cloud Backup - safe from ransomware?,2020-08-10 02:40:19,4 yr. ago,20,11,Yes
86,https://www.reddit.com/r/techsupport/comments/p5nrxz/help_please_ransomware_attack/,1,5,how to remove ransomware virus windows 10,0,Ransomware Recovery and Removal,Help please Ransomware attack,2021-08-16 19:57:43,3 yr. ago,149,252,No
87,https://www.reddit.com/r/immersivelabs/comments/1d4jmm4/ransomware_ryuk/,1,6,ryuk ransomware removal,1,Types of Ransomware,Ransomware: Ryuk,2024-05-31 01:13:28,1 yr. ago,3,1,No
88,https://www.reddit.com/r/sysadmin/comments/yw9up0/how_do_you_handle_preventing_ransomware_attacks/,1,7,does antivirus protect against ransomware,1,Ransomware Protection and Prevention,How do you handle preventing ransomware attacks?,2022-11-15 21:17:32,2 yr. ago,30,6,Yes
89,https://www.reddit.com/r/cybersecurity/comments/111xgkp/antiransomware_software_suggestions/,1,11,free ransomware scanner,26,Ransomware Tools and Software,Anti-Ransomware software suggestions,2023-02-14 08:12:06,2 yr. ago,45,22,Yes
90,https://www.reddit.com/r/msp/comments/1bokbrh/vendors_offering_ransomware_recovery_services/,1,12,ransomware data recovery service,17,Ransomware Recovery and Removal,Vendors offering ransomware recovery services,2024-03-26 21:53:35,1 yr. ago,13,2,No
91,https://www.reddit.com/r/sysadmin/comments/1g3k2lw/identifying_ransomware/,1,14,how to detect ransomware attack,24,Ransomware Tools and Software,Identifying Ransomware,2024-10-14 16:32:35,8 mo. ago,17,0,Yes
92,https://www.reddit.com/r/networking/comments/t9lw9h/how_would_you_stop_a_ransomware_attack_thats/,1,12,how to prevent ransomware virus,52,Ransomware Protection and Prevention,How would you stop a ransomware attack that's spreading through your companies network?,2022-03-08 17:23:06,3 yr. ago,38,29,No
93,https://www.reddit.com/r/Office365/comments/owfd6z/has_anyone_here_successfully_dealt_with_a/,1,12,office 365 ransomware recovery,4,Ransomware Recovery and Removal,Has anyone here successfully dealt with a ransomware attack at their client/company?,2021-08-02 14:13:33,3 yr. ago,45,44,No
94,https://www.reddit.com/r/dropbox/comments/oq5e16/warning_dropbox_is_useless_against_ransomware/,0,7,dropbox ransomware recovery,4,Ransomware Recovery and Removal,WARNING: Dropbox is useless against ransomware,2021-07-23 15:59:47,3 yr. ago,27,14,No
95,https://www.reddit.com/r/sysadmin/comments/yw9up0/how_do_you_handle_preventing_ransomware_attacks/,0,5,how to protect against ransomware attack,67,Ransomware Protection and Prevention,How do you handle preventing ransomware attacks?,2022-11-15 21:17:32,2 yr. ago,30,6,Yes
96,https://www.reddit.com/r/cybersecurity/comments/14zo85w/disaster_recovery_template/,0,13,ransomware recovery plan template,0,Ransomware Recovery and Removal,Disaster Recovery Template?,2023-07-14 18:32:15,1 yr. ago,6,6,Yes
97,https://www.reddit.com/r/dropbox/comments/oq5e16/warning_dropbox_is_useless_against_ransomware/,0,3,does dropbox protect against ransomware,0,Ransomware Protection and Prevention,WARNING: Dropbox is useless against ransomware,2021-07-23 15:59:47,3 yr. ago,27,14,No
98,https://www.reddit.com/r/techsupport/comments/p5nrxz/help_please_ransomware_attack/,0,5,how to remove ransomware virus manually,1,Ransomware Recovery and Removal,Help please Ransomware attack,2021-08-16 19:57:43,3 yr. ago,149,252,No
99,https://www.reddit.com/r/sysadmin/comments/11963v2/ransomware_recovery_process/,0,8,ransomware recovery key,22,Ransomware Recovery and Removal,Ransomware recovery process,2023-02-22 17:47:34,2 yr. ago,41,16,Yes
100,https://www.reddit.com/r/humanresources/comments/rft8wl/anyone_impacted_by_kronos_ransomware_attack/,0,17,kronos ransomware attack,3,Ransomware Attacks & Impact,Anyone impacted by Kronos Ransomware Attack?,2021-12-13 23:23:35,3 yr. ago,78,70,Yes
101,https://www.reddit.com/r/techsupport/comments/1et0amw/how_rare_is_it_for_an_iphone_to_get_malware/,0,16,ios ransomware,0,Ransomware in Specific Platforms and Devices,How rare is it for an iPhone to get malware through network?,2024-08-15 16:57:34,10 mo. ago,57,9,No
102,https://www.reddit.com/r/humanresources/comments/rft8wl/anyone_impacted_by_kronos_ransomware_attack/,0,11,kronos ransomware attack update,3,Ransomware Attacks & Impact,Anyone impacted by Kronos Ransomware Attack?,2021-12-13 23:23:35,3 yr. ago,78,70,Yes
103,https://www.reddit.com/r/cybersecurity/comments/1b9ipgb/ransomware_insurance/,0,18,ransomware insurance requirements,4,Ransomware Attacks & Impact,Ransomware Insurance,2024-03-08 07:53:06,1 yr. ago,81,48,Yes
104,https://www.reddit.com/r/sysadmin/comments/1crmt10/we_are_the_team_behind_the_decryption_of_the/,0,14,akira ransomware victims,15,Types of Ransomware,"We are the team behind the decryption of the latest Akira ransomware variant. Ask Us Anything , starts at 15th May at 0600 UTC",2024-05-14 08:03:46,1 yr. ago,205,271,Yes
105,https://www.reddit.com/r/hacking/comments/oazfs4/how_does_ransomware_spread_over_a_network/,0,17,how ransomware infects a system,49,Ransomware Attacks & Impact,How does ransomware spread over a network?,2021-06-30 15:17:16,4 yr. ago,64,258,No
106,https://www.reddit.com/r/sysadmin/comments/18i7x8e/ransomware_recovery_plan/,0,20,ransomware recovery for dummies,0,Ransomware Recovery and Removal,Ransomware Recovery Plan,2023-12-14 12:49:33,1 yr. ago,46,39,Yes
107,https://www.reddit.com/r/sysadmin/comments/17hlbpk/cyber_insurance/,0,20,ransomware insurance cost,7,Ransomware Attacks & Impact,Cyber Insurance,2023-10-27 11:22:10,1 yr. ago,162,235,Yes
108,https://www.reddit.com/r/sysadmin/comments/hy3sn0/how_fucked_is_garmin_any_insiders_here/,0,16,garmin ransomware attack,23,Ransomware Attacks & Impact,How fucked is Garmin? Any insiders here?,2020-07-26 09:04:35,4 yr. ago,948,1564,Yes
109,https://www.reddit.com/r/sysadmin/comments/ru1hze/how_to_monitor_for_ransomware_attacks/,0,25,how to detect ransomware,24,Ransomware Tools and Software,How to monitor for ransomware attacks?,2022-01-02 04:27:08,3 yr. ago,50,20,Yes
110,https://www.reddit.com/r/AskNetsec/comments/1gkmthk/question_about_the_wannacry_attacks/,0,22,which of the following is true of the wannacry ransomware attack?,8,Types of Ransomware,Question About The WannaCry Attacks,2024-11-06 01:17:12,8 mo. ago,11,1,No
111,https://www.reddit.com/r/PS5/comments/16rtoi7/a_ransomware_group_claims_to_have_beached_all/,0,20,sony ransomware attack,9,Ransomware Attacks & Impact,A Ransomware Group Claims To Have Beached All Sony Systems And Is Threatening To Sell A Cache Of Data Stolen From The Company.,2023-09-25 14:30:08,1 yr. ago,309,1078,No
112,https://www.reddit.com/r/sysadmin/comments/1crlp5a/ransomware_attacks_if_your_company_paid_up_how/,0,19,ransomware recovery costs,9,Ransomware Recovery and Removal,"Ransomware attacks: If your company paid up, how smooth was the recovery process? ",2024-05-14 06:43:17,1 yr. ago,183,146,Yes
113,https://www.reddit.com/r/cybersecurity/comments/16xg8cj/2023_city_of_dallas_ransomware_incident_report/,0,17,city of dallas ransomware attack 2023,6,Ransomware Attacks & Impact,2023 City of Dallas Ransomware Incident Report,2023-10-01 23:14:19,1 yr. ago,30,148,Yes
114,https://www.reddit.com/r/MalwareAnalysis/comments/1e4hy2w/is_it_even_possible_for_a_ransomware_attack_to/,0,18,ransomware attack vector,25,Ransomware Attacks & Impact,"is it even possible for a ransomware attack to start using documents such as docx, xlsx, pdf, pptx, etc?",2024-07-16 06:46:48,11 mo. ago,6,4,No
115,https://www.reddit.com/r/msp/comments/1bokbrh/vendors_offering_ransomware_recovery_services/,0,16,ransomware recovery fishers in,14,Ransomware Recovery and Removal,Vendors offering ransomware recovery services,2024-03-26 21:53:35,1 yr. ago,13,2,No
116,https://www.reddit.com/r/hacking/comments/oazfs4/how_does_ransomware_spread_over_a_network/,0,23,how did the wannacry ransomware attack spread,43,Types of Ransomware,How does ransomware spread over a network?,2021-06-30 15:17:16,4 yr. ago,64,258,No
117,https://www.reddit.com/r/Malware/comments/kqvr1t/methodologies_for_detecting_ransomware/,0,31,ransomware detection techniques,2,Ransomware Tools and Software,methodologies for detecting ransomware,2021-01-05 10:23:32,4 yr. ago,19,11,No
118,https://www.reddit.com/r/Helldivers/comments/1ckns1s/sonys_track_record_on_cybersecurity/,0,13,sony ransomware attack 2023,12,Ransomware Attacks & Impact,Sony's track record on Cybersecurity,2024-05-05 09:55:42,1 yr. ago,32,6,No
119,https://www.reddit.com/r/humanresources/comments/rft8wl/anyone_impacted_by_kronos_ransomware_attack/,0,21,kronos ransomware attack 2021,5,Ransomware Attacks & Impact,Anyone impacted by Kronos Ransomware Attack?,2021-12-13 23:23:35,3 yr. ago,78,70,Yes
120,https://www.reddit.com/r/sysadmin/comments/5g3f77/avast_providing_free_ransomware_decryption_tools/,0,21,avast ransomware decryption tools,16,Ransomware Recovery and Removal,Avast providing free ransomware decryption tools,2016-12-02 14:08:31,8 yr. ago,43,529,Yes
121,https://www.reddit.com/r/sysadmin/comments/yw9up0/how_do_you_handle_preventing_ransomware_attacks/,0,30,how to prevent ransomware in healthcare,8,Ransomware Protection and Prevention,How do you handle preventing ransomware attacks?,2022-11-15 21:17:32,2 yr. ago,30,6,Yes
122,https://www.reddit.com/r/sysadmin/comments/jaese9/witnessed_my_first_esxi_ransomware_crypts_vms_at/,0,27,vmware ransomware recovery,0,Ransomware Recovery and Removal,Witnessed my first ESXi ransomware. Crypts VMs at datastore level.,2020-10-13 14:42:27,4 yr. ago,382,739,Yes
123,https://www.reddit.com/r/linuxquestions/comments/tjlzqb/any_recommended_tools_for_decrypting_ransomwared/,0,38,ransomware decryption tools,66,Ransomware Recovery and Removal,Any recommended tools for decrypting ransomwared files?,2022-03-21 21:03:57,3 yr. ago,10,5,Yes
124,https://www.reddit.com/r/Malware/comments/aw6qju/need_wannacry_executable_for_a_test/,0,30,wannacry ransomware download,24,Types of Ransomware,Need WannaCry Executable for a test.,2019-03-01 16:22:33,6 yr. ago,16,21,No
125,https://www.reddit.com/r/Garmin/comments/hwgk14/garmin_might_be_down_because_of_a_ransomware/,0,29,garmin ransomware attack 2020,10,Ransomware Attacks & Impact,"Garmin might be down because of a Ransomware attack, according to leaks",2020-07-23 14:25:40,4 yr. ago,264,332,No
126,https://www.reddit.com/r/cybersecurity/comments/1cqu86e/7_years_ago_on_may_12_2017_the_worldwide_wannacry/,0,38,wannacry ransomware attack 2017,45,Types of Ransomware,"7 years ago, on May 12, 2017, the worldwide WannaCry ransomware attack began. Can such an event happen again?",2024-05-13 08:23:39,1 yr. ago,37,308,Yes
127,https://www.reddit.com/r/technology/comments/1b6mkr6/hackers_behind_the_change_healthcare_ransomware/,0,37,ransomware attack healthcare,32,Ransomware Attacks & Impact,Hackers Behind the Change Healthcare Ransomware Attack Just Received a $22 Million Payment,2024-03-04 21:21:47,1 yr. ago,116,710,Yes
128,https://www.reddit.com/r/cybersecurity/comments/1jxisor/nascar_others_purportedly_hacked_by_medusa/,0,38,medusa ransomware gang,20,Types of Ransomware,"NASCAR, others purportedly hacked by Medusa ransomware gang",2025-04-12 14:40:31,2 mo. ago,8,87,No
129,https://www.reddit.com/r/netsec/comments/t1eq5y/how_to_decrypt_the_files_encrypted_by_the_hive/,0,32,hive ransomware decryptor,10,Types of Ransomware,How to Decrypt the Files Encrypted by the Hive Ransomware,2022-02-25 21:14:44,3 yr. ago,1,170,No
130,https://www.reddit.com/r/pwned/comments/11zpd3l/fresh_produce_giant_dole_discloses_employee_data/,0,27,dole ransomware attack,3,Ransomware Attacks & Impact,Fresh produce giant Dole discloses employee data breach after February ransomware attack that resulted in delays and shortages of Dole products on store shelves for over a week,2023-03-23 16:22:33,2 yr. ago,0,45,No
131,https://www.reddit.com/r/sysadmin/comments/1fspg52/backup_solutions_with_ransomware_protection/,0,42,cloud ransomware protection,12,Ransomware in Specific Platforms and Devices,Backup solutions with ransomware protection? ,2024-09-30 06:51:59,9 mo. ago,76,35,Yes
132,https://www.reddit.com/r/cybersecurity/comments/zktkgj/can_you_clean_ransomware_infected_windows/,0,39,ransomware removal tools,52,Ransomware Tools and Software,Can you clean ransomware infected Windows machines and retrieve files using Linux based tools?,2022-12-13 11:34:35,2 yr. ago,15,11,Yes
133,https://www.reddit.com/r/cybersecurity/comments/1cqu86e/7_years_ago_on_may_12_2017_the_worldwide_wannacry/,0,45,wannacry ransomware 2017,52,Types of Ransomware,"7 years ago, on May 12, 2017, the worldwide WannaCry ransomware attack began. Can such an event happen again?",2024-05-13 08:23:39,1 yr. ago,37,308,Yes
134,https://www.reddit.com/r/sysadmin/comments/5g3f77/avast_providing_free_ransomware_decryption_tools/,0,33,free ransomware decryption tool,78,Ransomware Recovery and Removal,Avast providing free ransomware decryption tools,2016-12-02 14:08:31,8 yr. ago,43,529,Yes
135,https://www.reddit.com/r/cybersecurity/comments/1cqu86e/7_years_ago_on_may_12_2017_the_worldwide_wannacry/,0,49,wannacry ransomware attack in 2017,53,Types of Ransomware,"7 years ago, on May 12, 2017, the worldwide WannaCry ransomware attack began. Can such an event happen again?",2024-05-13 08:23:39,1 yr. ago,37,308,Yes
136,https://www.reddit.com/r/sysadmin/comments/1fspg52/backup_solutions_with_ransomware_protection/,0,48,enterprise ransomware protection,3,Ransomware Tools and Software,Backup solutions with ransomware protection? ,2024-09-30 06:51:59,9 mo. ago,76,35,Yes
137,https://www.reddit.com/r/cybersecurity/comments/1cqu86e/7_years_ago_on_may_12_2017_the_worldwide_wannacry/,0,43,2017 wannacry ransomware attack,46,Types of Ransomware,"7 years ago, on May 12, 2017, the worldwide WannaCry ransomware attack began. Can such an event happen again?",2024-05-13 08:23:39,1 yr. ago,37,308,Yes
138,https://www.reddit.com/r/sysadmin/comments/11963v2/ransomware_recovery_process/,0,41,rapid ransomware recovery,8,Ransomware Recovery and Removal,Ransomware recovery process,2023-02-22 17:47:34,2 yr. ago,41,16,Yes
139,https://www.reddit.com/r/cybersecurity/comments/1cqu86e/7_years_ago_on_may_12_2017_the_worldwide_wannacry/,0,42,wannacry ransomware attack (2017),51,Types of Ransomware,"7 years ago, on May 12, 2017, the worldwide WannaCry ransomware attack began. Can such an event happen again?",2024-05-13 08:23:39,1 yr. ago,37,308,Yes
140,https://www.reddit.com/r/cybersecurity/comments/1cqu86e/7_years_ago_on_may_12_2017_the_worldwide_wannacry/,0,45,2017 wannacry ransomware cyber attack,46,Types of Ransomware,"7 years ago, on May 12, 2017, the worldwide WannaCry ransomware attack began. Can such an event happen again?",2024-05-13 08:23:39,1 yr. ago,37,308,Yes
141,https://www.reddit.com/r/sysadmin/comments/5g3f77/avast_providing_free_ransomware_decryption_tools/,0,47,ransomware decryption tool,67,Ransomware Recovery and Removal,Avast providing free ransomware decryption tools,2016-12-02 14:08:31,8 yr. ago,43,529,Yes
142,https://www.reddit.com/r/cybersecurity/comments/1cqu86e/7_years_ago_on_may_12_2017_the_worldwide_wannacry/,0,42,1. what is the wannacry ransomware attack?,51,Types of Ransomware,"7 years ago, on May 12, 2017, the worldwide WannaCry ransomware attack began. Can such an event happen again?",2024-05-13 08:23:39,1 yr. ago,37,308,Yes
143,https://www.reddit.com/r/sysadmin/comments/dmef6w/ryuk_ransomware/,0,56,what is ryuk ransomware,8,Types of Ransomware,Ryuk Ransomware,2019-10-24 10:25:00,5 yr. ago,107,161,Yes
144,https://www.reddit.com/r/cybersecurity/comments/17rek5b/hunters_international_analysis_new_group_is_hive/,0,49,hive ransomware analysis,4,Types of Ransomware,Hunters International analysis - new group is Hive ransomware's successor,2023-11-09 14:47:10,1 yr. ago,2,17,Yes
145,https://www.reddit.com/r/SCCM/comments/jkjv8z/ryuk_ransomware_attack/,0,58,ryuk ransomware attack,16,Types of Ransomware,RYUK ransomware attack,2020-10-29 22:03:03,4 yr. ago,25,29,No
146,https://www.reddit.com/r/sysadmin/comments/yw9up0/how_do_you_handle_preventing_ransomware_attacks/,0,59,how to prevent ransomware attacks in healthcare,6,Ransomware Protection and Prevention,How do you handle preventing ransomware attacks?,2022-11-15 21:17:32,2 yr. ago,30,6,Yes
147,https://www.reddit.com/r/cybersecurity/comments/1kfql4i/negotiations_with_the_akira_ransomware_group_an/,0,65,akira ransomware group,14,Types of Ransomware,Negotiations with the Akira ransomware group: an ill-advised approach,2025-05-05 23:45:38,2 mo. ago,0,2,No
148,https://www.reddit.com/r/sysadmin/comments/rxi4uh/ransomware_decryptors_dont_work/,0,54,conti ransomware decryption tool,18,Ransomware Recovery and Removal,Ransomware decryptors don't work,2022-01-06 16:09:47,3 yr. ago,9,3,Yes
149,https://www.reddit.com/r/rust/comments/vskp9n/hive_ransomware_gets_upgrades_in_rust_microsoft/,0,56,what is hive ransomware,17,Types of Ransomware,Hive ransomware gets upgrades in Rust - Microsoft Security Blog,2022-07-06 08:06:23,3 yr. ago,86,261,No
150,https://www.reddit.com/r/rust/comments/vskp9n/hive_ransomware_gets_upgrades_in_rust_microsoft/,0,62,the hive ransomware,33,Types of Ransomware,Hive ransomware gets upgrades in Rust - Microsoft Security Blog,2022-07-06 08:06:23,3 yr. ago,86,261,No
151,https://www.reddit.com/r/cybersecurity/comments/1l6fkox/what_are_some_big_recent_vulnerabilities_you/,0,92,what is the wannacry ransomware attack,38,Types of Ransomware,What are some big recent vulnerabilities you think people should be aware of?,2025-06-08 15:59:00,29 days ago,39,81,No
152,https://www.reddit.com/r/qnap/comments/1jwso80/seeking_support_and_guidance_after_deadbolt/,0,87,ransomware recovery indianapolis,0,Ransomware Recovery and Removal,Seeking Support and Guidance After Deadbolt Ransomware Attack on QNAP NAS — Now with 14TB External Drive for Recovery,2025-04-11 15:30:20,2 mo. ago,19,1,No
153,https://www.reddit.com/r/cybersecurity/comments/17rek5b/hunters_international_analysis_new_group_is_hive/,0,41,hive ransomware attack,34,Types of Ransomware,Hunters International analysis - new group is Hive ransomware's successor,2023-11-09 14:47:10,1 yr. ago,2,17,Yes
154,https://www.reddit.com/r/CryptoCurrency/comments/1khkoqw/60k_bitcoin_addresses_leaked_as_lockbit/,0,25,lockbit ransomware gang site,45,Types of Ransomware,60K Bitcoin addresses leaked as LockBit ransomware gang gets hacked,2025-05-08 08:01:30,2 mo. ago,15,68,No
155,https://www.reddit.com/r/cybersecurity/comments/1b0wswj/lockbit_v3_is_back_and_here_is_the_full_story_by/,0,33,lockbit ransomware new site,28,Types of Ransomware,lockbit v3 is back and here is the full story by lockbit Admin as an fbi.gov_en.txt on the new blog,2024-02-26 23:44:49,1 yr. ago,6,23,Yes
156,https://www.reddit.com/r/BitDefender/comments/12t36h0/technical_advisory_why_lockbit_ransomware_on/,0,28,lockbit ransomware for macos users samples,39,Types of Ransomware,Technical Advisory: Why LockBit Ransomware on macOS Is Not a Significant Threat (Yet),2023-04-20 15:08:04,2 yr. ago,0,2,No
157,https://www.reddit.com/r/Malware/comments/przb2p/lockbit_20_questions/,0,37,lockbit ransomware resurfaces with site,16,Types of Ransomware,Lockbit 2.0 questions,2021-09-20 17:16:43,3 yr. ago,3,6,No
158,https://www.reddit.com/r/cybersecurity/comments/1b0gfft/lockbit_ransomware_group_resurfaces_after_law/,0,46,lockbit ransomware resurfaces new site,14,Types of Ransomware,LockBit Ransomware Group Resurfaces After Law Enforcement Takedown,2024-02-26 12:34:04,1 yr. ago,7,62,Yes
159,https://www.reddit.com/r/BitDefender/comments/12t36h0/technical_advisory_why_lockbit_ransomware_on/,0,77,lockbit ransomware for macos for apple,45,Types of Ransomware,Technical Advisory: Why LockBit Ransomware on macOS Is Not a Significant Threat (Yet),2023-04-20 15:08:04,2 yr. ago,0,2,No
160,https://www.reddit.com/r/sysadmin/comments/18i7x8e/ransomware_recovery_plan/,0,33,ransomware recovery portland or,14,Ransomware Recovery and Removal,Ransomware Recovery Plan,2023-12-14 12:49:33,1 yr. ago,46,39,Yes
161,https://www.reddit.com/r/techsupport/comments/p5nrxz/help_please_ransomware_attack/,0,5,how to remove ransomware from windows 10,3,Ransomware Recovery and Removal,Help please Ransomware attack,2021-08-16 19:57:43,3 yr. ago,149,252,No
162,https://www.reddit.com/r/BitDefender/comments/12t36h0/technical_advisory_why_lockbit_ransomware_on/,0,37,lockbit ransomware macos users samples for,31,Types of Ransomware,Technical Advisory: Why LockBit Ransomware on macOS Is Not a Significant Threat (Yet),2023-04-20 15:08:04,2 yr. ago,0,2,No
163,https://www.reddit.com/r/sysadmin/comments/z2tr5z/increase_in_lockbit_ransomware/,0,44,lockbit ransomware for users samples for,34,Types of Ransomware,Increase in LockBit Ransomware,2022-11-23 16:37:13,2 yr. ago,3,2,Yes
164,https://www.reddit.com/r/cybersecurity/comments/1b0wswj/lockbit_v3_is_back_and_here_is_the_full_story_by/,0,33,lockbit ransomware with new,18,Types of Ransomware,lockbit v3 is back and here is the full story by lockbit Admin as an fbi.gov_en.txt on the new blog,2024-02-26 23:44:49,1 yr. ago,6,23,Yes
165,https://www.reddit.com/r/cybersecurity/comments/1b0gfft/lockbit_ransomware_group_resurfaces_after_law/,0,47,lockbit ransomware gang resurfaces with new,10,Types of Ransomware,LockBit Ransomware Group Resurfaces After Law Enforcement Takedown,2024-02-26 12:34:04,1 yr. ago,7,62,Yes
166,https://www.reddit.com/r/Malware/comments/przb2p/lockbit_20_questions/,0,38,lockbit ransomware resurfaces site,12,Types of Ransomware,Lockbit 2.0 questions,2021-09-20 17:16:43,3 yr. ago,3,6,No
167,https://www.reddit.com/r/BitDefender/comments/12t36h0/technical_advisory_why_lockbit_ransomware_on/,0,30,lockbit ransomware for macos samples for,48,Types of Ransomware,Technical Advisory: Why LockBit Ransomware on macOS Is Not a Significant Threat (Yet),2023-04-20 15:08:04,2 yr. ago,0,2,No
168,https://www.reddit.com/r/apple/comments/12oept6/lockbit_ransomware_gang_appears_to_be_targeting/,0,57,lockbit ransomware for samples for apple,24,Types of Ransomware,LockBit ransomware gang appears to be targeting Macs for the first time,2023-04-16 15:57:43,2 yr. ago,27,311,No
169,https://www.reddit.com/r/cybersecurity/comments/1b0gfft/lockbit_ransomware_group_resurfaces_after_law/,0,25,lockbit ransomware resurfaces with,15,Types of Ransomware,LockBit Ransomware Group Resurfaces After Law Enforcement Takedown,2024-02-26 12:34:04,1 yr. ago,7,62,Yes
170,https://www.reddit.com/r/cybersecurity/comments/1b0gfft/lockbit_ransomware_group_resurfaces_after_law/,0,33,lockbit ransomware resurfaces with new,12,Types of Ransomware,LockBit Ransomware Group Resurfaces After Law Enforcement Takedown,2024-02-26 12:34:04,1 yr. ago,7,62,Yes
171,https://www.reddit.com/r/CryptoCurrency/comments/1khkoqw/60k_bitcoin_addresses_leaked_as_lockbit/,0,27,lockbit ransomware gang with new,25,Types of Ransomware,60K Bitcoin addresses leaked as LockBit ransomware gang gets hacked,2025-05-08 08:01:30,2 mo. ago,15,68,No
172,https://www.reddit.com/r/cybersecurity/comments/1b0wswj/lockbit_v3_is_back_and_here_is_the_full_story_by/,0,29,lockbit ransomware with new site,25,Types of Ransomware,lockbit v3 is back and here is the full story by lockbit Admin as an fbi.gov_en.txt on the new blog,2024-02-26 23:44:49,1 yr. ago,6,23,Yes
173,https://www.reddit.com/r/CryptoCurrency/comments/1khkoqw/60k_bitcoin_addresses_leaked_as_lockbit/,0,27,lockbit ransomware gang with,35,Types of Ransomware,60K Bitcoin addresses leaked as LockBit ransomware gang gets hacked,2025-05-08 08:01:30,2 mo. ago,15,68,No
174,https://www.reddit.com/r/BitDefender/comments/12t36h0/technical_advisory_why_lockbit_ransomware_on/,0,22,lockbit ransomware macos users samples apple,18,Types of Ransomware,Technical Advisory: Why LockBit Ransomware on macOS Is Not a Significant Threat (Yet),2023-04-20 15:08:04,2 yr. ago,0,2,No
175,https://www.reddit.com/r/cybersecurity/comments/1b0wswj/lockbit_v3_is_back_and_here_is_the_full_story_by/,0,29,lockbit ransomware gang with new site,36,Types of Ransomware,lockbit v3 is back and here is the full story by lockbit Admin as an fbi.gov_en.txt on the new blog,2024-02-26 23:44:49,1 yr. ago,6,23,Yes
176,https://www.reddit.com/r/immersivelabs/comments/1d4jmm4/ransomware_ryuk/,0,27,ryuk ransomware wiki,33,Types of Ransomware,Ransomware: Ryuk,2024-05-31 01:13:28,1 yr. ago,3,1,No
177,https://www.reddit.com/r/cybersecurity/comments/1dn8bxs/lockbit_30_claims_attack_on_federal_reserve_33/,0,53,lockbit ransomware resurfaces with new site,12,Types of Ransomware,Lockbit 3.0 Claims Attack on Federal Reserve: 33 Terabytes of Sensitive Data Allegedly Compromised,2024-06-24 08:10:34,1 yr. ago,195,304,Yes
178,https://www.reddit.com/r/law/comments/1av529e/law_enforcement_seizes_lockbit_ransomware_gangs/,0,53,lockbit ransomware gang with site,53,Types of Ransomware,"Law enforcement seizes LockBit ransomware gang's website in ""ongoing"" operation",2024-02-20 01:28:00,1 yr. ago,12,100,No
179,https://www.reddit.com/r/sysadmin/comments/11963v2/ransomware_recovery_process/,0,6,how does ransomware data recovery work,8,Ransomware Recovery and Removal,Ransomware recovery process,2023-02-22 17:47:34,2 yr. ago,41,16,Yes
180,https://www.reddit.com/r/blueteamsec/comments/1avfzxt/international_investigation_disrupts_the_worlds/,0,52,international disrupts lockbit ransomware,57,Types of Ransomware,International investigation disrupts the world's most harmful cyber crime group - OpCronos vs LockBit,2024-02-20 12:00:47,1 yr. ago,2,6,No
181,https://www.reddit.com/r/anime_titties/comments/1avsqlw/ransomware_group_lockbit_is_disrupted_by_a_global/,0,23,international enforcement disrupts lockbit ransomware,57,Types of Ransomware,Ransomware group LockBit is disrupted by a global police operation that includes 2 arrests,2024-02-20 21:01:10,1 yr. ago,4,41,No
182,https://www.reddit.com/r/cybersecurity/comments/1b0gfft/lockbit_ransomware_group_resurfaces_after_law/,0,81,lockbit ransomware resurfaces new,14,Types of Ransomware,LockBit Ransomware Group Resurfaces After Law Enforcement Takedown,2024-02-26 12:34:04,1 yr. ago,7,62,Yes
183,https://www.reddit.com/r/cybersecurity/comments/1b0wswj/lockbit_v3_is_back_and_here_is_the_full_story_by/,0,46,lockbit ransomware with site,43,Types of Ransomware,lockbit v3 is back and here is the full story by lockbit Admin as an fbi.gov_en.txt on the new blog,2024-02-26 23:44:49,1 yr. ago,6,23,Yes
